ID,NAME
10217,NAudf
55340,NOm
76805,NFc
93423,NVdwv
95156,NSbly
70564,NMkd
24810,NIal
99234,NKgb
48645,NCqbb
58577,NPu
96563,NFcha
72962,NLqz
761,NIcj
22661,NFbak
47966,NZvly
77415,NZm
89965,NSdzf
91219,NDovf
5549,NQuib
31673,NDydq
94262,NOcbq
94061,NYj
9336,NBj
84505,NPpe
12003,NKhu
91675,NJy
92757,NPj
90299,NLs
60757,NDhod
1365,NQeo
96069,NGs
54690,NXyf
1165,NZfi
72936,NIdpe
47840,NAnkv
80465,NJcph
23972,NZnh
95154,NEr
75697,NGjuf
97767,NZphc
75402,NUc
84929,NHvp
27547,NMt
77745,NUef
48099,NVohw
29618,NDp
69953,NEkoa
63180,NSu
14795,NSyla
16905,NCwrx
79912,NJv
21024,NLk
81502,NNsc
22423,NUq
43207,NMavr
6780,NIb
78295,NBqmh
54441,NPxvv
76350,NEdrp
79593,NFi
37832,NMgk
83753,NHnu
32119,NPx
97726,NQrua
53765,NBe
10575,NAem
71447,NIkj
8731,NWc
88545,NJm
34827,NJaw
30056,NMe
92959,NPcl
96379,NKst
90818,NTge
89064,NEyas
68028,NHujc
69203,NFnk
57781,NPr
81426,NCwyu
51501,NYk
1330,NRut
71542,NXs
61518,NGo
59844,NUiv
36506,NLkq
19754,NTqc
917,NQpoy
93399,NEh
56476,NEld
82401,NQpiy
6871,NJqj
34191,NDlju
61347,NDrtd
93478,NSdrg
64647,NOlx
3088,NQq
97697,NWq
26550,NTqd
39289,NYn
80373,NKny
68371,NKjgb
75306,NKiaz
27261,NGsr
80037,NSmdw
6515,NZnjn
9202,NNbb
37627,NNz
80387,NQpb
13569,NZsar
58186,NRm
85830,NVj
64481,NKc
88116,NJzf
2358,NIa
28279,NWr
6796,NSrlj
52053,NAyc
35871,NZd
91112,NCskh
30531,NHd
90624,NFugr
68272,NKj
68807,NGy
45798,NQvb
14285,NSakq
51051,NOqh
51328,NWv
37801,NQr
59134,NKkwb
51202,NHk
72162,NSx
48060,NAf
73316,NSy
32328,NYtmk
97605,NBjfe
33500,NSxm
19774,NSijw
45870,NHe
15192,NHsw
98710,NDs
50919,NOc
71326,NOem
3978,NZijp
7278,NBw
88206,NLqc
11216,NXjgt
76295,NDx
54299,NPyj
6960,NCdjw
59303,NEnd
29295,NKyb
39270,NJuok
95824,NFmsb
73792,NPg
68342,NMkq
73400,NHnl
37908,NTjvu
74558,NBk
2068,NWn
47383,NMk
57453,NZs
16355,NJqnn
53915,NWbac
3749,NPw
69683,NAz
51179,NFj
28852,NBtcz
87234,NOtox
47209,NYcrs
11985,NRl
54497,NGfc
4705,NBwct
93118,NIjzu
31677,NUaqz
75095,NRfgs
18105,NVdi
36917,NQqnh
38995,NOzcg
16138,NWt
54517,NKbev
54266,NUx
66858,NUm
87158,NNqz
87644,NYjw
53676,NNtex
9827,NWssy
63455,NVl
56360,NIu
89117,NTa
70004,NHdsy
12018,NLg
95343,NDgbr
9662,NLalm
59642,NStsg
65822,NUspw
40033,NTkgj
56728,NRvb
15092,NCvns
25143,NZdjt
17835,NAfkh
91815,NMr
98193,NDtiw
97898,NVf
85159,NGcv
92294,NNxa
58168,NIh
64909,NLgw
32227,NJma
97593,NZfk
56115,NDixu
34842,NSan
52273,NSzk
19761,NIvhe
60686,NEe
60761,NHzc
35455,NOmd
2086,NYhqn
30885,NPxnd
20793,NFbrj
70552,NQp
64214,NLpi
90858,NAn
86434,NCgr
97415,NBct
58889,NSfip
3328,NVew
88001,NWmv
33387,NQw
92296,NFwd
16961,NLra
68735,NUvav
96699,NVuvd
26903,NAi
28060,NXnq
125,NEisu
5069,NCs
28263,NFhdn
94218,NJln
49127,NJweg
91438,NZhz
42835,NQmvh
94028,NQoi
42742,NZx
96443,NZq
21114,NMh
76449,NVdic
10592,NAj
57158,NJvv
66879,NScca
77010,NYpp
73118,NTrxk
48918,NBjwb
51142,NFgkq
416,NDpnn
10048,NRbra
39193,NLzbc
58872,NVgnn
27674,NBeme
3829,NYe
76242,NBmca
50879,NKbui
20824,NJw
74581,NXknq
99900,NWw
36263,NLx
47789,NDfb
53652,NBu
74115,NIg
4692,NVdk
75970,NWeu
76922,NNmra
46374,NUji
18297,NQu
88016,NUy
65528,NKizb
84178,NVcjs
70732,NAybq
17257,NNsfl
5572,NCa
39930,NClpl
43247,NJdq
72355,NRs
47325,NShzx
40820,NNup
57761,NWrol
8177,NUvo
64965,NAbd
64161,NSap
68030,NIzun
12359,NEth
5545,NLa
2374,NGsv
14983,NSn
31970,NYdlz
11092,NOsq
60888,NRvxc
99451,NFek
77698,NOwb
74088,NCza
87036,NGuig
47339,NQgco
14939,NKo
99637,NYi
85714,NKcsm
61738,NVq
62670,NDjq
42719,NNxbb
55294,NAuy
8351,NSbo
3371,NCyrk
34683,NHaw
95560,NBwae
78932,NByde
7331,NZst
755,NOri
90092,NOcek
13658,NCy
7256,NIe
27790,NBsi
76245,NEfcg
54546,NTb
20898,NOu
43172,NZc
92091,NMcyj
98089,NXc
44869,NLqce
60401,NXhwd
58765,NRhrr
34928,NKkv
7183,NDwv
70923,NVqm
5355,NLi
34268,NXaim
41099,NPnwf
605,NQekm
98391,NIuj
43353,NMnf
67669,NIqft
46747,NOz
36512,NTwsl
92055,NCvmh
58545,NTgt
12821,NQx
63293,NSlkr
10234,NGek
18938,NYuos
26132,NHfvx
76171,NIub
44562,NMwff
32624,NIkg
86489,NDwfd
80176,NXa
84255,NLv
61970,NHrmf
35922,NIho
692,NVh
44411,NCc
34400,NRgtp
1434,NXw
93248,NHztx
35763,NGoqb
93054,NPitp
49463,NLhx
38226,NAlv
77026,NLpit
36250,NXqvb
73934,NAy
8739,NPqps
23305,NZv
30717,NDcl
23097,NUtvj
15719,NYsp
53023,NQe
55554,NYrp
33282,NZh
85643,NOh
78035,NSb
23139,NDg
66629,NYoh
99287,NCkaa
63333,NYiqq
57222,NJhxc
61032,NPmx
43624,NUi
43436,NAdl
62677,NOack
97731,NSjge
4038,NXcbm
6583,NBam
85665,NJua
32021,NCka
68801,NGsu
26511,NCgsi
43745,NPqft
86790,NWamc
33000,NQs
36470,NRpuk
96890,NGqp
91192,NZkdq
72057,NDym
35911,NBeqz
48278,NEdf
48914,NBc
24446,NGfs
96187,NTzi
63175,NEj
31438,NTaem
82423,NDt
49700,NMv
44810,NJre
9612,NKq
44171,NGmxm
24222,NVrza
46162,NXnnc
7141,NKy
26603,NOpsh
66385,NRgpw
98316,NHxfz
97809,NHcv
42024,NLgx
62091,NQyq
37709,NAkdy
27143,NJb
50716,NDhs
87750,NUmkv
37797,NHahl
15238,NMsf
84891,NCjft
91793,NShn
34466,NNc
30269,NNzb
61273,NHttc
81603,NXb
37652,NOnb
13018,NYc
40977,NJlo
33917,NNem
87373,NJr
25130,NKa
79472,NPkh
83427,NPdq
44050,NTsfq
31477,NOhd
28617,NWnt
32209,NLc
83227,NCnzn
62672,NEmnt
76213,NKac
76779,NUvap
2343,NFo
81055,NArdx
93627,NZntk
39452,NMky
59794,NBfh
97240,NPqqb
16656,NAgn
83186,NDfnc
21882,NCkis
84320,NSsgc
51695,NHn
96551,NWham
20814,NFkwn
71589,NCr
53816,NUajl
17729,NUspv
91261,NWy
59817,NDrdk
23920,NYo
20312,NKyi
24905,NQqo
22049,NAs
10382,NWo
61580,NVgej
66009,NTfbr
36384,NTe
94304,NWgi
70901,NBmq
96229,NNi
52351,NBugq
22566,NGdcb
32755,NCjcu
30233,NEpxg
74602,NNv
66314,NLuud
70744,NQecd
7465,NCd
95043,NDz
37203,NRq
33688,NKrw
34111,NFzu
29406,NGyla
62832,NWmgz
26128,NRf
87628,NPaz
9832,NLugk
73981,NIvc
86061,NIpk
65576,NBr
3264,NYbe
83131,NNqfq
79012,NBp
71908,NBo
26737,NQux
24840,NNsnw
22700,NWf
92018,NVa
54364,NJoke
95920,NFzds
76785,NHpc
12299,NDqpr
17351,NCm
46529,NNxm
38299,NNtg
75496,NImx
91453,NDzk
67771,NNfo
57550,NHc
31893,NGnwe
75198,NAwlc
21535,NZshl
91093,NBoz
46712,NHhht
57545,NDnmd
62856,NOy
27191,NFyj
50015,NAntu
25368,NCv
97098,NSimd
71831,NRa
21378,NOg
91967,NUu
77437,NTfgg
16854,NUk
78179,NZa
75029,NXkgq
4042,NKi
82446,NUkfk
11330,NDq
98393,NBy
87193,NWli
55054,NQo
25500,NDjz
31860,NSk
15887,NJkc
46644,NFr
63717,NUjr
15024,NTfu
92516,NSw
32483,NSip
50387,NWdcp
52778,NXd
63288,NAg
32725,NUyaz
29185,NNzq
14722,NXgwi
10191,NRz
93828,NSrun
25216,NQoqg
21364,NQln
71022,NCvh
59262,NRog
45371,NWe
68508,NVo
8254,NRr
34956,NPxe
91398,NMli
11902,NIm
30044,NRzes
12762,NPze
99799,NJnr
97223,NHku
47922,NEdq
83090,NVsn
26240,NNse
68840,NGmcb
71348,NXkc
95811,NSacc
22220,NEfef
73234,NAxt
62495,NVlau
78683,NUilj
82667,NUg
41014,NAhjl
89268,NThve
58197,NNy
32039,NJssy
29241,NZyd
61328,NCw
49136,NZwp
81948,NPh
9707,NZl
73851,NTn
93590,NDss
12381,NNxq
30504,NQsn
49000,NBad
88490,NMxeb
29763,NNqf
45841,NDcic
93047,NXgc
76477,NMtk
9192,NLcy
35315,NEtr
10666,NYsvz
89098,NYgd
52321,NVyw
51752,NIxu
60885,NGch
36835,NElv
25791,NAos
80138,NXuad
57658,NKqlo
89319,NRdcq
8957,NSvq
31657,NJs
21999,NKdke
67207,NVmd
72356,NLe
56518,NXq
90686,NIqev
32076,NYij
74822,NKcx
46807,NNen
38826,NNn
745,NLmt
33611,NZief
48467,NMc
56299,NExu
47478,NQch
75729,NFm
64226,NTz
28026,NVg
56901,NMz
64560,NGti
71276,NAwyz
41543,NIfxd
6284,NNp
61833,NAq
95536,NUtlj
1352,NPp
10161,NYin
99434,NTzn
20493,NSbp
32453,NGb
36233,NDus
94313,NAmjk
41048,NFmtc
54447,NNdi
76954,NQwr
20450,NZzch
47538,NUao
70527,NGsmt
84774,NHx
9500,NKirs
51869,NBie
69964,NXszw
10457,NBcmu
64841,NNa
12902,NZohu
17982,NOkmz
82216,NNulq
37389,NQhx
3853,NZf
67022,NLtk
10969,NVdyk
35122,NKael
56527,NZgam
60225,NZb
93707,NQcg
27699,NVs
17389,NVvjx
2914,NYni
41851,NDwj
72372,NSbv
81469,NSh
70445,NFrt
39288,NDtt
2260,NEq
24951,NOro
73043,NUh
16879,NQxs
48280,NXtg
15757,NKbo
38814,NNsm
97857,NZgbm
31965,NRb
56435,NIiuo
25894,NLfnl
86982,NXhiz
4136,NIvu
83549,NZjy
54960,NUepe
66927,NXcg
96899,NHl
82592,NLz
78228,NVpey
49940,NNhcb
56393,NEbso
98352,NVw
44192,NLugz
74185,NGbxi
97300,NTmpz
42001,NOny
99594,NMx
43752,NLdy
96711,NKpz
56900,NJny
22449,NXcb
87263,NQvlj
56640,NTzs
16644,NNcli
28222,NOo
11199,NSt
87885,NKml
23233,NLn
7721,NPwi
80786,NVgzr
47374,NDr
25326,NXgqq
29588,NMqz
46296,NGfso
82214,NSs
84129,NTydw
24238,NXl
11402,NLwj
6247,NZww
46790,NUxs
5508,NXz
86615,NOmyz
73063,NQxv
37570,NMflz
536,NUfp
68681,NUsw
11591,NXjb
94947,NOxou
13676,NOx
16358,NJbt
3084,NIwws
20319,NWmru
66196,NGlb
13059,NHhne
94802,NLec
48590,NFty
77134,NKuf
40680,NVwaj
22833,NEur
96396,NUqs
64249,NCqgy
33126,NLus
42038,NXkah
62154,NVgu
7143,NRka
1821,NPsjn
35390,NButy
97113,NJpz
94908,NKdbh
57548,NFthj
36362,NGd
51110,NXtqe
91425,NRoqn
97398,NJhvw
82509,NBrm
86893,NJfer
6896,NKsn
16389,NCzsp
59397,NQwi
82900,NKv
33205,NIkfk
79408,NOdjr
94671,NJqq
73592,NAb
86023,NFhp
45056,NSqrf
92133,NLel
4679,NSvwv
39384,NDyy
86580,NHitl
29909,NAd
86334,NJi
86815,NPe
12588,NPhec
33821,NUze
7191,NVzl
54514,NLkg
37632,NLq
72490,NRi
5903,NEez
22953,NRloq
31223,NAbf
93930,NCqxq
71361,NDxm
23336,NHf
51312,NLwg
18017,NEy
44194,NHenl
70754,NFvoh
44664,NVtix
16161,NDhlx
27145,NWnh
41962,NAm
4601,NIvfr
25823,NVd
20383,NGrb
75609,NSq
6175,NSmi
23826,NOkj
49292,NGa
64835,NMyz
19221,NFri
88541,NXv
83547,NPjdy
409,NNzvc
20290,NAt
42146,NIf
89240,NGez
74902,NOja
4604,NYb
84792,NTfox
90783,NTmfn
50237,NHki
58850,NBqyw
18597,NOpl
49152,NNqb
93161,NNiwi
47116,NUr
44959,NZn
28407,NTgo
56050,NJgzh
44567,NAgs
20839,NZp
72617,NLr
90629,NSor
20129,NAx
71106,NBlvf
14301,NRnqt
67243,NNyyb
28133,NFjn
63471,NAo
20464,NWdkk
94396,NKul
36314,NQd
62829,NZzu
66532,NJcn
3061,NYma
7878,NOk
27206,NXrov
81196,NJgj
90945,NRov
36777,NRob
21584,NSnoe
81665,NMpm
92778,NWroy
83768,NXdt
47153,NPldx
28544,NUab
61635,NSiq
58258,NSg
56489,NHroc
28758,NYl
55461,NWhgr
84526,NAvpp
87913,NPxcy
90922,NJun
88276,NCf
76734,NRc
65773,NTel
88539,NJai
9615,NCqgr
80934,NXxe
22045,NLt
46117,NRvy
71229,NMnex
646,NEqcj
35115,NKr
54968,NUopn
9047,NRtd
75809,NEf
89300,NUj
10670,NOhor
49387,NFbsj
31608,NZfos
27741,NAe
36293,NXuce
42664,NJsg
61344,NIi
44976,NOqu
41234,NNkm
90619,NCjhl
4986,NAbkx
87103,NOcx
74793,NVkd
33372,NVjmh
18144,NPc
24404,NTvv
18635,NDu
35750,NUjib
16558,NNsbt
12148,NIvja
85318,NTu
19504,NFozg
75549,NVoi
19909,NPz
17370,NBoo
22793,NAckq
4547,NRow
53788,NGbdj
88118,NSer
64705,NPjwc
42737,NAtk
77353,NIw
79749,NWabl
88196,NCcka
36848,NVm
69076,NWxtl
58429,NDwuy
35890,NUtno
88637,NHr
70400,NMu
5746,NUlce
54614,NVbv
58164,NCcl
28017,NZr
15480,NMsso
80605,NMpuw
56084,NDthx
99315,NIqpt
52530,NYfk
58040,NPn
17838,NQwwl
2060,NUhmx
59854,NEgjp
66959,NCbx
42637,NCbw
5449,NJbdn
46448,NHgu
81374,NBhnu
96273,NWokz
62980,NXy
13529,NLpe
65448,NOhjq
65622,NHp
46542,NSif
48602,NNaw
95394,NFsj
96501,NPlm
79144,NAtmf
70870,NUawp
2147,NJj
19099,NHiff
42148,NQj
30313,NYjb
76808,NQwos
84076,NGao
8953,NXn
16770,NRiwy
7977,NBohu
3144,NTez
88117,NEgv
47852,NVfn
45216,NHrvj
71569,NIep
79376,NLw
24310,NIltb
77153,NYxs
13854,NGle
66039,NZzm
9571,NCji
53698,NZga
10571,NShuq
92612,NXr
31321,NQxpi
25079,NJnb
53267,NDi
10414,NSgo
27147,NOlz
61073,NPq
33604,NSp
94812,NEs
70920,NNgi
7403,NUqli
12291,NSmvh
50029,NRv
75770,NHffo
26358,NQlsb
73443,NVc
53626,NHkyx
24025,NHnwu
12715,NBmks
18310,NHly
78386,NHolg
44816,NQl
71334,NFqz
66417,NGyjv
23871,NRx
64248,NWsi
23588,NEsww
47644,NGyt
71543,NVhno
39259,NDuza
50089,NJujr
