username,lastName
Nqezcrfme,Utndjpyh
Atkprnvyw,Nuuvmil
Cfcfbnbax,Dervemw
Fmfabwbbs,Gsmkxbvtlk
Cenwoiuqj,Mkgdeev
Btgvfjksg,Lxjmlnpqpa
Bulssiswc,Mfanyhjge
Bvztrrccm,Riznmwcktt
Gqxlyskyp,Tmzlcnwoss
Ldxfvvixq,Jlzydigqdc
Utfayohif,Lctcgqluu
Ebbcyqkyq,Trzrdnbj
Blbtcznmu,Rbnpizw
Iztfkyplq,Vqidopnig
Pvysrwvqu,Qgqkdvyza
Xdvjimbgt,Lnwogvptpy
Frtqzrblf,Gueersgjpy
Axbewyoyk,Qxskqgpx
Uyprpdjrc,Evbcukvx
Gmismgcit,Ldqelcbzvd
Bsectztjb,Lkrbfokgqj
Fnishwwhy,Uhfkgiadi
Rsuhoorkm,Tydvpta
Mysvxpxef,Hmuqvoxn
Grxskmbus,Gyrezvydo
Mrexdwkxg,Fdnighc
Gwcnvxwpo,Vjrcrghno
Tdrdrbntv,Byjhcvjagf
Xlumnxiar,Zbhiwmnik
Qpcjuwvqa,Qitetvvnhg
Sgjcrmejr,Wmkghloa
Kgznojzlh,Yfhppxesf
Lgokgdgyq,Mfdunjq
Hgjrrqryl,Lxkwffh
Ofulsygqq,Ykoihudn
Ymlzbjcii,Zxlypkx
Tunxdmnqh,Xdlaampanl
Ufvydopia,Arvrtgfv
Ctkjesuwo,Pwpmjca
Cuhrzjogl,Caxfwnket
Jggzduizs,Reoesqow
Mjzetylit,Jzbkyarmsz
Drizifepk,Obhutsmtd
Izlixpwec,Uxgonwgquc
Wfcecubyz,Cehrhtwn
Qrvzlcgrx,Mbnwrcls
Vtmzclicz,Ygqtifxnhw
Qdsninlcu,Eklgriomxd
Iigsmwdha,Znhpwynnop
Vfidatzyk,Kwqqarf
Mwrjhbrnr,Svuucnjys
Kylbxtici,Hgzglqdjy
Acurtacei,Arkzizdp
Nhlgmbgaa,Fvzjaclee
Fsqcpylpr,Xtpdumddo
Ndxjatshg,Lruyljka
Nruelxynt,Nzoqlkhlg
Buslthxdi,Ujviifqly
Ebraeruns,Popwvjyi
Zekxczmmq,Ojgbxpoyo
Jpxybcjwg,Mbbolbqpzp
Vytuqjfae,Cjfqfeli
Ybhucrcwn,Xzorfymjpf
Ejfxqxkns,Efnbvrlc
Wjpnaybkx,Vpzbveh
Cyuvgmmio,Qcqndfn
Baanasbui,Zrwqczj
Upgzbxpur,Jkmbbtovgg
Fqgelaaeo,Qpzzgeiqsj
Jrvueydjz,Igmpsls
Tqpdtjpde,Ioizjwdrn
Zkcslczgw,Cgicwlziv
Swioqkkhg,Klrngyshu
Ogvvumodk,Ezitcgwd
Fonoplkxh,Fbuulzdvzl
Mkxvtakqv,Bpfzdxfiwe
Sxbbvlumc,Nsegudezrp
Bhhdvodcq,Sxoeiaynw
Bysahxhuk,Qkenicv
Nauqxfbhy,Vpdkilwb
Fugruolcl,Vuccxxgcbc
Tkixrphut,Diimhhdwn
Gqocfyxsk,Rgryzqv
Otqvkuins,Stkbvkiman
Dogfpinju,Ohsobgrkg
Puabxwciu,Nekqeyh
Xisjvpaxp,Awqpcjeg
Unqeyuokm,Withaac
Gzwhaqizv,Volecuqbo
Gsavmduut,Fvavvnr
Zmlezmrxb,Ztwgnayhd
Zxwwvsflk,Jtctigahel
Htvydadcz,Tbaivymdwq
Relnczrdg,Tjruwgaav
Zaypbpwgx,Wlnzgwuas
Hgooophva,Ylfsgavr
Uuedllfqn,Mcspubxxb
Mbjedsseo,Asbihvwe
Tovescsaq,Anqlgwud
Ugovsmtvs,Sdsbkktq
Pyvjffrea,Ihlnkrflvj
Kxurflvlo,Lsznqsyebw
Gfteftjvt,Chmlhubrgc
Ftyxsoiwc,Mlmnwucw
Sklglntrh,Epiqmvrn
Vtlyfeibk,Gtkftlotf
Dcdpbjyuw,Oggdcbjfm
Sdakxrjob,Greukfb
Bzjzbpsiq,Xnjbefdz
Ishlbsbgn,Uhvukql
Asrlhmxqg,Xdiljah
Zgnrtiogp,Ukzrujrc
Xrdtocuuv,Bjzsgtfjxm
Ynyeikavc,Pjmckuc
Zhrbeiqjg,Xdssytdk
Ysyvsdghu,Jskgyff
Bvyujlqkq,Qqtyrmk
Oxezmjvdc,Qnqopeyt
Gelwbfxfh,Yonltlz
Yakzypiho,Vkrxcge
Ozyenavqu,Brrrcou
Jdcvdggzt,Ccspcqaga
Pwvjpwdhj,Qfcyzwtqbr
Cvqjtdzoj,Suqdhyvatz
Mqwcugoas,Nhpcpkv
Tueavhffp,Aukjqxnre
Uuiwvylne,Fvvubijkjb
Nbfnhxlyq,Evoktak
Wlebfkgyx,Psthzjx
Oqayymyfn,Pagxahansi
Zjqepcqrv,Mmefteaoug
Bganpakxd,Pqymjuff
Dovujnlbc,Yiuipcjn
Uvhlhvmkl,Fzujfrud
Jbeeoqqrp,Ocwzwnkn
Mweetgvhy,Iukksaxaar
Keerslhbw,Czqwcucto
Innpcyyot,Umcndpsh
Qwzsxrbac,Jioxwxhcx
Murqinmjk,Abwxobum
Cfpabawcw,Kmzeglv
Fobnevpnx,Egditxme
Systfahok,Hcwewqb
Ufmbkuduw,Nkkdueofe
Siobfihat,Kyktmshb
Cwroaubtu,Eufvjiy
Uhoapyzwe,Tbmaujjo
Jblvicajb,Womwuia
Zdfrrjesi,Iiflqspq
Nnikuvucg,Knoxwqbugc
Arodtknrw,Camethqluy
Ozgaiujee,Hgxpmndznj
Vrsvsbygo,Mhmhuvh
Vbaxttnls,Cdeohhos
Xhmfcacuz,Ngabwiju
Uwdyucuet,Ciiwjgh
Askcuwmoa,Lsfqzoyx
Cqfxctvwy,Yffsxzy
Thihogfek,Dizrqnqy
Hmwtkiyic,Djhooiak
Jourvtzbl,Ihmahgou
Xhyncgxrl,Aqatinoto
Rwmhpavxz,Ygthuze
Ilbtsvbkt,Zkkvrexwn
Sjdbzyxvt,Dwkxkibk
Cqrejgibp,Kzimpgntvq
Dshlzcbrz,Xoucfpt
Xhjmmfkpf,Yrmscfb
Rihhcwcps,Nsbcpumug
Tfuvecbsw,Vrguffirt
Tfooyfnco,Xxvkrpclbj
Bpezzhgdx,Ivkdusmsnl
Imwceiyeo,Afcsvgi
Fjvwtbmas,Qagsoibvq
Jynanevjp,Ykcugtxjed
Dvsieizdy,Wbyayksnq
Lmnvdgqce,Rdvssgbpok
Xytwrxwuv,Aobissqov
Mhwlnuurr,Tblvrxqnn
Ijuhzqyll,Hpchrrfxie
Askgxwdoa,Dfrnaxnjy
Gsxeseodt,Syveail
Edekdrdag,Qvktuhsuj
Ubzyjxnen,Xcfglxfy
Qnviizgju,Yaacdfeodr
Iexirjzik,Qeopwyo
Tnniveiga,Clbofuqx
Yeqjywdrq,Yqilvcelu
Ozwumivvy,Kpfgyoijqa
Tkntbzetf,Ffygejibq
Hivyeueta,Xgfuybc
Owwurklkt,Sdsjeioya
Ppoiaoxff,Hewdfrg
Kmnekvdou,Wfsuledat
Rxaptsnta,Thurjeg
Ndhjilrlz,Dpqpwifjg
Nxrvvkvax,Sqaejcv
Lcbjxnzap,Mhuwtfclkf
Xolbaxkxs,Ebfslom
Piizumzse,Zdyixbkvg
Jqjuwshqg,Ixvsrbeelw
Efhmuetri,Dmopeyzdwt
Xrfvobhec,Xxjoabwmrs
Ddafcnasi,Oklyzmdk
Yibdcnift,Dspvnixoi
Psgmlbzfc,Rhgheyey
Yopcmsyxz,Gfhbybbyd
Zfrjnsyud,Idatmmuqfv
Zrurxiuyb,Wattbsdll
Plxemxmzg,Vocjfbs
Fqizcmmrt,Vkghjjvbh
Jtmvaterq,Ibdkwilwev
Coyglitlm,Uhhbqmc
Axlyvkdmx,Znkvfttjkk
Vukcdszzm,Ukzlqhkbov
Zzdfklzbu,Qrtxtkly
Yaoofdjyl,Zwgwmqhroj
Adniznpkg,Tbdduckont
Fcgpwkfdl,Behvgsbz
Duemncblg,Ziwcquv
Lfkwfjrig,Rplgskz
Ahngzggyd,Qlbqrsrjbv
Jsfzuqscp,Mdnzpsnvf
Grptspnkf,Ndyjbqsdh
Dpjlrbtqb,Fxbtsyab
Lfdjqfrxi,Hbfzpaiqi
Locyguufh,Knyfire
Wgxnutwto,Vwiwnhfokb
Rmsaftqap,Epfjrsa
Nlaiiumhw,Qfwlsdi
Zurhsgeaq,Ifaeiivzfp
Uesuwcucl,Nfxlggmmi
Fpozudayv,Eveqodiort
Aockbcfnh,Sqjhhqqb
Qiwnivkmv,Siinmbj
Tqguahwwv,Vuiipdebee
Zvutwqvjs,Tisyxigyp
Grwlnpvwj,Hqvgywh
Oxpvjgbyx,Grgmnnnhr
Nravawfsb,Iqbftfgu
Oroiwhysm,Bhmtvdn
Kewsuvjdo,Kulpheijpv
Kumbblael,Movaenx
Jgxrvjbrs,Sssqhkgfwa
Gleisqqdu,Dthcvji
Sdeigletk,Xtnbxdk
Kluvzbgkz,Dxfxpuhx
Ukbhjcoln,Uubneofm
Voqdddfds,Sipxktbv
Oaibkkjic,Bqwdvmku
Podmlfwtb,Ueuynqalf
Debxmmohv,Lovqrlmud
Keupmfpbb,Mewriun
Odgonqfnn,Wfngaqvcfu
Etcubmrxn,Yhujcadx
Qhxbshche,Wldwini
Gkyukjukn,Ejuzmdxx
Texibasav,Gihphei
Palvukyba,Xoomlat
Wogvjhzqv,Hyoueqt
Qffscwwcc,Fkucxxcwhh
Tcgzblxcs,Qbalexzc
Iaobxcvks,Lriwgwvfh
Aahyrundf,Vqdqhphq
Ovmodchfj,Kxgcwls
Vyohalezv,Jewtceon
Rxqiuykfs,Svffrnzb
Xaxpoondd,Yohlsegyxj
Jmelzwjyf,Sxtooeyg
Iiothhmbj,Wwvnjvtlhi
Uhqiiipoy,Rtesllhx
Xjaqfphzt,Cisksfudjd
Hsudhhdod,Ykuboqoyy
Xlrstqmir,Cqfvuczgdm
Ainvxbxic,Xbyuwth
Nngqbeuph,Sbynhhlts
Tkirfksgl,Ezoldylipd
Isrfndmmw,Mlpqcaznv
Cijjvkzdf,Jzdfcvjn
Xfeuhuqjj,Exnsxibyz
Ijcfpzyoa,Zhyoswtei
Dxdlnsfaa,Mfdwxyd
Bopfilfqf,Mwpoicklh
Voghdnbuo,Mzabxvodtf
Chftcgkks,Aollytadl
Aactplqbu,Xkamhffozn
Csmsacxsh,Eqnikxdm
Tmlrzwhvo,Pskfcfarj
Dahssutkw,Eibnpxjdf
Jskmewffw,Joqyzalxz
Pxykmbnnx,Njpncoe
Tdjohtdzc,Nktcytxgw
Xknaevxqm,Dbniwnls
Gxjgpjpxs,Ohapmwwh
Fmdlvncbr,Gbihftob
Noosusgij,Dbkjlrh
Kubxydlvt,Izzmlwuah
Hcgprbart,Dtcdahet
Fkgeuezjk,Agvudedw
Ldvhreogs,Pzbkvmkiz
Gpcntbute,Wewhior
Khzwntknb,Vqzkhnn
Jwazoqtnh,Xewxnkamta
Geaceyisb,Yjlixkt
Uaxsfegbe,Bdnnddlev
Sutqxpgkx,Sbeyetggsx
Vnqlroafa,Pppkyqnrb
Gywqdyvkf,Xlpiclckt
Pdzxekwkf,Trezrqrpl
Rkedykxjf,Unjgcqa
Xbqesizkl,Djiydej
Xeqifnyhd,Ftekhlto
Gmwkbfmur,Vnudhvprf
Dfgequruj,Gqltwcmnrc
Wasfmaspz,Rnpolbffr
Msqmzohys,Ewnhvgohj
Jqcgrweog,Hrkicrwe
Oisvozmsl,Vdtvzojdfr
Cuktypkgi,Cglozegt
Uhktnfvxa,Pcbtkzvthm
Zatgwagis,Rjeasfdquu
Drxvkzzyc,Nvodnmfrda
Xrrptvehj,Hhhwdxqbwp
Iuvkvevns,Xdoizajodd
Npxwrttyg,Tpafnfkgsg
Addsucsnp,Ctwwfkrl
Nyeexyrjs,Effkhurjco
Teialsrnl,Ghtxrqaun
Spjvgxiyk,Puotjrzbjv
Oohdrqwlx,Uglauzl
Wxtoibroa,Pihowsa
Gvfqwbxfd,Aqfjbywv
Nsorpbxgr,Sjmfhcqeo
Bepnqjmez,Naehpxc
Dimiovtgj,Oqccfrk
Vffsuzdsj,Kizlknp
Vsyoadrzs,Lzojbyc
Exmpscsbe,Omzzkpzwl
Igwztyxpy,Iedzfmb
Xomrtphaz,Zohsdpyumt
Bckqygabm,Roxzofrrl
Mnubvfetx,Kkuoekcz
Yuhgrtjha,Pozkkkfbo
Rraunhfnu,Qerlrzdvs
Rocdrfxqy,Rexlnskgwq
Fyddudtxd,Xunpzcs
Wtumcfydp,Qcrziqc
Reridydov,Klwksaq
Ydemhbcxj,Rdvmwbr
Xdphbregy,Udwaxhfrwz
Luhxtzkfx,Cakklsecx
Lkbjyexof,Mmvvhdqhx
Ymxkyilmq,Tuvlacpbma
Wwpoaystj,Zguivrm
Hnhdaqiuz,Ynyvydja
Nycrgicwo,Evgctgsfmv
Vejsqgpzo,Fevamhyff
Rzvnrwosd,Stpsuzitl
Sevskuyqc,Bxcyejwhym
Uopcrfpew,Nuwneuul
Jsfejmuae,Wmlgfcddsk
Yordlgbcj,Kfnwylpe
Dsyeosrig,Xnooqnekb
Zuqmdpfcu,Cyynmbioj
Cjtkljrbg,Eojxfajmtk
Fqbeykiyx,Vyszpbsbge
Zljdfbdjk,Hwjrxmw
Vfrucmzci,Ifgidjkxbg
Aatitgfsf,Jxrytedfq
Wazuokzss,Ejcyzkbt
Icmuyfddv,Fcppabfpf
Mqxxksxtx,Jnudcbxcvk
Cbnqcvwrd,Xqzzhcyzhl
Yzbmvrezj,Ulnfckfs
Ixpkezlzr,Mhuzjeh
Ajruczetj,Mxvrehum
Sjbkjryuu,Nvbifbelu
Qkycafyjs,Aalvkbjikc
Fnzkvorjd,Stvaavsdex
Pdcilokxa,Tnujncovj
Amsajkddo,Ohwixgxzpm
Wwrzqhxra,Opnpzijc
Xevgeumtv,Hxpeyyym
Jblpktehc,Xasymshgj
Fwecawlfd,Ahamrna
Nzaiahhpy,Armyednqa
Idblezfyp,Mywultdh
Yqrystwgq,Stgbpgnruw
Qphupzypa,Kxzhtkkcz
Fmjlhzoei,Guzktlh
Zsfhvvlhl,Ddqdxxsa
Xbwwvjiht,Vfbcpvjns
Kzxacbluw,Lrxjnki
Nqlnxepiq,Fnfmecdzv
Xojqohedf,Cnaukumc
Jlpisddwf,Tzqxeytx
Rdlghxwob,Kumblfd
Zrgdtycyc,Lydnutrpve
Oitqkqpsw,Rkvlzfdey
Tjncvtnnf,Mlhluze
Rcfyjtzdg,Ycqiwqrjqt
Oyhwrrbit,Zecobdh
Szcbdebbi,Jwuqkuypx
Ierohkqwb,Wkvzewp
Tepthlpty,Uknismbc
Ywpniuooe,Arbabib
Evlzscecd,Aeeclen
Nctabxaba,Lukpyhyl
Tdhdjwbbe,Uyzsesectl
Hhbwxbkyo,Aklexwh
Sbhwazlzk,Mqeijvz
Ydcymuuta,Dhtdvva
Tojsdtqao,Mqdpmiuwv
Gvdmwbdtw,Qxrweikiha
Nwndwpokc,Uoslxdvgr
Fsenebguy,Xmhhyzxv
Zkffrgoxx,Maykoyrnn
Rejazmbaw,Amqtmkulw
Igstdukpo,Pisowoe
Wwztjxsep,Ucaegkh
Mbwokrnwq,Wlxfnpbc
Rgmjmqtaa,Xhdyavu
Hnqppznon,Gzbmfslwzm
Uqoqnqzft,Rdquuspf
Aupvolhlb,Cycnvvwtqo
Ocokqsjzh,Liunkah
Pdvhfagio,Ubunreblws
Rbgaqxihj,Rbtiggn
Dsutvlrnx,Kzdrkufadx
Gvxnltqny,Rxnlpbjrk
Rdacctwye,Jpgycukjv
Pkqoefejh,Gdmebwi
Zelmlkumg,Dunaukgvra
Ddirumtrs,Ykiytzabaj
Dyluqjtzi,Ihvtpwwxkj
Gjtbtmopa,Kkglmfdnlh
Nwvtdothj,Jvuregcnbb
Ijpizbngu,Gshoxacx
Pslewolwy,Zesoxfj
Qqvdrhtys,Qbjvbujoe
Ecopafvoe,Fboxrxepr
Cvevoawml,Zwcxuqrsz
Gyrsramia,Fbgpljfdmc
Ztwsbheuw,Qkfkoopccm
Iltizuhzy,Ifujcdm
Jsnsslnfz,Wlmuaqlhlo
Ewmcctrjn,Cewcpwuxbe
Thnbmyeth,Xhouabmf
Vqchxuamb,Wqfpspj
Pdrouqwuq,Yfuyvnil
Cttningzt,Npfhzmj
Hdkmghpoe,Wtzdejob
Fycbzxjsc,Aeolruuat
Itnnwtqmf,Rerjlojdr
Tfaiktvli,Kyrylbjtal
Fhusmifwz,Noisrfq
Xzozklgse,Ieiogtawj
Mpawhydej,Pgitsdlwp
Qxrxqpcpv,Qxswazyl
Ptkwjnfvh,Wpuxuwrhe
Pwgdzpbhg,Pgisnnwrxg
Jijycpuhz,Atbebam
Jahxjmuja,Lrjjfljh
Iqgrxvofj,Xorcoxh
Kkgshvzjh,Jvinvtqk
Mrtytjcjl,Lhtankis
Lpinbskmv,Mzajfaigy
Wechviiie,Ebfdahm
Iyqrhlsbc,Lafaqlhw
Pimfkqtge,Iizydkfg
Nkmlliyzv,Mkerhqsi
Qdvdlgaiy,Jgdhdjnsru
Lpvykbztv,Naelnxpgpv
Etwylnrru,Hcluatqykk
Qfxxfjwyw,Xdafzyvw
Bvbcvilus,Bcovotfpgw
Oholymzef,Aodutvye
Cohdzxwpy,Yxvvzchdw
Rkhjdiwqr,Sbebrocvs
Grbkrmjee,Ttromzfhz
Cfuqsojmc,Tukgiwisp
Vibmvzdsf,Bpcvpgf
Tvyjylutf,Cjjczza
Tjbtpzcyf,Kcobvrfnut
Twwzunttm,Ffjiscq
Cvsbbwcil,Zbvpsjq
Asbzblohf,Glhjpoaii
Dcfvzayml,Xpakroub
Obanubfzu,Ijvzbrz
Thqdhudct,Nydccbiasv
Wjfwvapss,Iwgzgwnzg
Svmqiuyoc,Mydxyip
Vrwmserkc,Dqpnmfsye
Hpowblnmh,Lenwlgty
Yrmdrluts,Lflzhsfvr
Vyyntzooz,Wygptioici
Kjziikqma,Mrrupix
Rvoxdyhtl,Yohimcghuf
Vxmtwihww,Mddhlds
Bzzwfzhdd,Gwypqgyz
Tptjyyiuf,Grjqkpjm
Qhfgivpcz,Tltumtshnm
Yyynvqgzr,Cwysgmgnqi
Qvhqtsepl,Nxknfumydu
Apxyzetyy,Axhbgioqo
Wrogjfvgf,Jnvbrrjxw
Hblsvutov,Rasvaci
Wgjephwrp,Bmuqcjinei
Qfyvfrvfv,Jrteyuw
Eldfgyrdt,Icwjdhjnm
Hkopryzre,Xmpncjbe
Zczkaxnvu,Ngzcteuxfm
Uvklrpjfy,Qrtpuqefa
Umaabfvwd,Hyofqjln
Vrwshsqns,Wapnlagx
Gxnfavpil,Jyjmvqwahb
Hyqqmizji,Vlsuotaeoa
Mssjpbjot,Yssblxyelh
Onbglrrlk,Pdgedurvfh
Uodbbcpuu,Ezcmvnum
Wibgrbdpx,Xudojdu
Mmzltkjhh,Worowyjr
Cxmqhlsad,Zszmmeem
Leofdteqv,Ungashlk
Mxlfaytyi,Cjppraiacc
Bsxxarlek,Fohvitpcgr
Jftpfewuz,Zwzinevatd
Gbzuzjzea,Aihqsiapcs
Krmflokbq,Htuqklnyj
Zjzypnfdl,Zyjigtt
Ukhacdbre,Noxbxzkk
Qqqjaqcep,Zeipeucogr
Hzydjzbcz,Mtchgcq
Vdhpjwula,Vtomrzxu
Lkjwpcwxl,Klgwbgkakw
Jhdwydliu,Nlmuhth
Lsinirgvf,Hcydjzium
Gpqivwltq,Bgaewudgoa
Fqgutiymn,Sfrvccw
Xdfvrpogs,Gubcyeuzm
Zdggsncbn,Qxwrgjbng
Rncqwsnvq,Wamxuxkn
Qbucspxvp,Hfpfcae
Fndjbdjib,Pxrfcdm
Tsxelyrfo,Vuesjfasf
Dzsahmbss,Pjwjyzjjhs
Dwmdaltzx,Ceptpozjq
Wnjesebra,Mucuxxuo
Vemifdqnk,Ubkrkdr
Nesdceykl,Zbhxrlov
Ywjjcioyu,Mzbfnmomv
Crhotctmx,Hsawbxlono
Kwpvgrmhu,Jqixxbgee
Smweprvbw,Sftohwq
Tbvvjjnza,Oaxymuaxef
Xgodwooeg,Raisdeubp
Rbsyrdmem,Omvjzcl
Lrrttjkwh,Gmxdjzp
Zmbvnxvsa,Xwlsypyqei
Qwyjekayx,Hnrhlbs
Tecduoyve,Zouvqmby
Cvgglyufn,Fxagbpfdav
Euycuxjtl,Ipnlnou
Sqadxlcau,Uhlsfwnjzp
Wjembssps,Evdtczb
Pouevqczr,Ioohyoj
Uevholqxd,Detokezdo
Uptzznqdp,Eqeaufffps
Mgvvrbvqs,Uzgawqlrv
Xclecjsea,Waqbbwzj
Jngrdfgnp,Janluei
Vtsvirlri,Vwntndr
Brmwycthk,Skguqdna
Nurljzwem,Cbyzsth
Hfugdytll,Mxksrveaq
Naecnnoyz,Uinoqmigzs
Ovzplilzb,Asuunkelef
Qnsvyzkae,Jwqwundanh
Gusxyzkij,Kfqtetacmm
Nqfechxzc,Gytobbj
Yatgidhoj,Qwrbupcf
Ewnkvyerf,Ttgksdsxoj
Jthzjyipz,Ohnnatnzs
Ntelrmhac,Pwsbtbtlr
Mayqzhbpk,Wlxzbzjk
Meibzxwsz,Wyggcdnbv
Ilkekdzhv,Msvehdbvcn
Aaqamjwoy,Mpbtptp
Pzyzcqpkd,Hkigcufagv
Pjovjkfro,Sadiqpzrm
Omczvddqn,Rjumxgra
Kreohwivl,Punhqxwook
Itmkenoib,Ecrzfkwq
Sfkbwenve,Ortpibttwg
Szabanfdk,Zaueiof
Mdyksfxfl,Vzvuwzof
Dfswknlxk,Xiixbvtm
Psliayggn,Uxprgzggas
Boykzhxpi,Utsvtpp
Bfpmxcsei,Kulbmuv
Hyxyemuyl,Bkkpmzer
Usmckjqzx,Kynkndibh
Utprzvrcc,Xsnvmpk
Hecanuiqw,Abtzxilcop
Thxlswaji,Menadipnj
Ypbwxahqh,Unosbdw
Dgcbkkvlz,Tyohpqtgof
Pexdbgkvs,Lqhqvblie
Nzxcujbac,Hlpyuziriv
Csfpjowkk,Glhsrzpvdu
Gnhnizmgi,Erloedehjz
Npuffedun,Nqgqzracd
Uokuzdyxn,Wowrieaf
Xvywazsbw,Bqlunch
Xiqqnjqvk,Jabymvbzg
Tefymsxos,Ipenoqpfxw
Dswcmrnix,Zhlsywaa
Wevoybalt,Khckkqr
Tpmrikdit,Wuhpkfpui
Dyxdaavys,Kxlltfm
Epcxbowoj,Fnclvoekxh
Egtjaxkhj,Kpfsyjhphk
Dckgrecap,Actlpahh
Ntfncjraj,Risipvnsb
Gwgcsdvfb,Ohpwdqf
Nrwvztvel,Dcnucnb
Fpxjtoaru,Rpoztim
Mvciebypg,Iagqbekh
Zgetsvaia,Osoxaji
Upnronjyd,Cwkmxvhi
Tgegxszil,Ipoxwaw
Noknnpaxg,Wdqohaqcn
Xinzjryfe,Yoeyhpd
Obogksytf,Wsmqqxhieo
Dqhsdhocz,Rrirmgteom
Ligrqjypo,Mdezqzexs
Alqtxkodi,Ogmivvbibp
Detveltpi,Sawtajgzyj
Arlbsheze,Tldvgzphu
Qyccbnaja,Sdnsvqp
Eaerlccvw,Xmyhvozju
Qydocbets,Hmkyfqkbd
Mkmpxhqbt,Eekwtvgyg
Exhdyumnx,Swwfhmvzmm
Wqcgfiaol,Kvtjeutzza
Fovtwmqco,Naalzye
Pwvknhiqx,Hssdxaut
Fxyjnjoee,Rpsezuxrb
Oqqzdsxhu,Jxnhrfyj
Diqxgdfbf,Ogldspyo
Rrtwmuyqy,Oqevzxedxi
Rkqhxiysk,Lyctnukmwk
Jywucjowq,Gpjztgmn
Auplybhij,Pfshjqkhaf
Nylfvqkot,Hpopdtal
Uzmyuudsd,Pgdfpfk
Qhvfxjsuk,Khxyygd
Xwtyiluiu,Yqsapfnaex
Wrrnwafxq,Urinfpwb
Lvyemfubr,Wkworux
Dqzrkiupw,Vxcsquvy
Xjnjyqkvk,Vvmjnkmknh
Dbueobumm,Wsbjtvqk
Zghqhglrr,Waerybv
Kijwopirv,Tnwemglz
Yzrgrrnyt,Lykpmrfali
Fzekvvynk,Srvrrqgm
Slbowyvgh,Eshrhraojv
Grdbxgihd,Qzcnkgmf
Jloclsast,Umnvtvtumk
Zifmbzxzw,Bqkpwoox
Pzzxusmtj,Aqbvtxhirx
Noererewf,Alnqvhabwz
Halzketdb,Duivtdg
Sdhojrenf,Xbbmogtyg
Xogbnwjoe,Niowftyss
Qdktlwyce,Cttupuynh
Fhhgwjfjm,Sldgqnu
Oxojqsxtm,Taspsqfzp
Dwgcglpfj,Leltjypnsg
Nabpykyxk,Epewars
Oxawylget,Xnnlgdbrz
Rovqtysdc,Jfevfar
Ikhqgoyvh,Folprarb
Pgkabvomt,Rvldzqnx
Ppgynzrxq,Rqkfgepjp
Gunsmqbdk,Zrmcdbgys
Hbmvqjtto,Jtqibfj
Uewmklfit,Uujvkpmud
Oyoqokhti,Wmjgacqg
Gdkiwebnd,Urldzoc
Gpgwvnbfv,Ykjqhfzs
Gsqvyicvc,Wuyinvofr
Crcxezxcf,Hsazdok
Hvjnzhevp,Yvouxoh
Jlogsvzso,Kpwkqaoqb
Rsuxqkxwh,Yrklgxa
Mnikfcaou,Owpawlnau
Ozjuwpchg,Tueovfzyv
Xvitmwwei,Ntfzzrm
Qwhsvsaqq,Yvnlrvueyh
Acwsstrfw,Rjxiwzjm
Nrinxvjwa,Renjquup
Nnwcbqwxo,Wurondnfr
Etoctedog,Zbkxadgafz
Szcvglrwy,Pyyjugbtfr
Qcfjezvch,Ywxqymf
Wmffhunxs,Hskwakl
Cvebkfcoa,Oiqmcemp
Hbvbyvyck,Qrnutvyz
Zjetqpefd,Kxiehbis
Tlocqxybm,Yjytqjs
Rkljfhyda,Idatyzgtat
Cliiapmws,Utperpakk
Hfchyduma,Ftjezryqca
Uixmlwsrx,Likucfpupn
Izhtyorrf,Mxbblxh
Rrfyrwzgm,Efitprx
Zynqeccdi,Askiujdu
Zqbmghzsf,Mzclwkd
Usrbsshee,Ohsdblhtc
Cpvsutbau,Mdkzftyua
Jlebvzyxd,Bqkrklr
Rdeweoabk,Sjactor
Excpjurrk,Keyupjv
Tronqrxli,Qzjsohawxx
Uennherxu,Qcqssqookr
Kfmjvhjyx,Eugkprg
Nfpprisea,Ptehfmptxt
Hpgxbniqu,Angescz
Tliwothke,Fpssbfvo
Ruaspaqvt,Rshejxen
Jdxporxha,Hbxwugzmr
Ldplsufqk,Ervzblci
Zesdjbljx,Ywvsafgec
Fazwtbmvl,Lqvazyzc
Wkbycutvw,Ndnuyqfagt
Foengdjfz,Vlfbklc
Qfemqvuas,Hcugxalad
Epdjhflyn,Kznsojmq
Ektitgvyk,Nfmcqpp
Cmxmzbhhk,Daiuxgmo
Fdmnuaeto,Frcqflj
Mbgdehbgn,Caopjdblr
Dvjhzwbza,Kpeuzuy
Sgfhavuar,Mmvrguntod
Dbqhezlow,Kiibcewgra
Vfbhrguqu,Yhzgaxpyj
Xrxajlujt,Sulwduuib
Ovurzwfrv,Zllcbgiyp
Aubmhidum,Ziigjhh
Fzmkpjjeq,Ljcehatnqq
Uztqnugnw,Mbcflhxh
Pufkbkeql,Glhvtqsudg
Iqjqirtkl,Ilhojezx
Zludbqmvu,Tolupfy
Wimffxwbs,Mlxliqiw
Wnhhrfjwa,Ftmoggtv
Zjleailfj,Tzxhwkdi
Xucjmykxc,Kelcwpspaf
Yxaiponwv,Hnskaqcvo
Sngwuczws,Bjunmsyd
Bevubaroy,Agswqot
Xfhneslfx,Qsquosafyl
Clsaidqar,Puafgvbwt
Dbyngidvm,Fqiqqqq
Krdparfmn,Afyjlqnvq
Jquvzjmpc,Wclecjikmi
Nugdyjqez,Atppvrqta
Bromdmueh,Kmwrrhqad
Xfekiqram,Qpxsovwjp
Qrsqiecpe,Xoebqrdvy
Mnqkgdqdp,Bizlbbj
Jrafesiir,Xiwnncfj
Igaddnahz,Qsjwxsp
Aazbnlhml,Hodyioqfv
Evurwzhyn,Ztenfdtq
Gajnvqjgk,Cvmezem
Duzcvfbnk,Sbgiozbck
Ivyqltdtm,Chufgfcqfl
Sasxtzpog,Duwhhbgu
Txxftaoyl,Xpcdkpmg
Tcpmgiugz,Mgxajkl
Foagekmxi,Cxmcmzhsd
Prcsvrsab,Hxyykotdp
Onpnqjzpq,Dztmzpn
Awqygfryy,Hfijwnr
Sfhndnodv,Hcqbhgelbx
Vpiwotior,Gbwsnrj
Iwsjwpupc,Gdfjrify
Nqwuxpnvq,Hbnevzofs
Wlbueocjw,Uiwefwjfps
Hgkizavzz,Mjghqrp
Ixfqxweoh,Dpbbqwo
Ccrousplg,Urwatxmg
Vmqzbbarl,Nhpnhexq
Pwnoeijbv,Qreliqfzi
Japzmnvab,Bdmvnqcf
Uvhdlzkhx,Cgwkjoptfu
Xlelxtxqw,Jysseqhyjx
Ynqgtbpdi,Qpdjyey
Xzdvkrpjz,Xvsxdbofj
Sgfaccrzg,Lqdkcrun
Ssyghqkih,Jyllfbiyov
Acyxuuuel,Fwcfejw
Pivcpsrwe,Iobxzsba
Zmpfamuoj,Vtnbydhplf
Dmmjgrcdt,Hrfprvf
Psvjxmjqy,Qhygntjbr
Lxmnacwks,Nnuqvqzrve
Nvdboimwm,Rcrhegg
Eseqivscc,Xivcsud
Tdzqzubvk,Ftqssuirr
Atwqjihqn,Jqfowzdzp
Utgrjqahm,Guuromnpa
Inchgetgc,Jpxzfgi
Zkofxtpfn,Ieopqddhd
Bqfnbztjb,Xpmboovfg
Tpxjzuifs,Zpovczqzd
Eozatuiov,Yxvzxsrbs
Pcpfpercd,Pgqmmgzjpq
Pebouopfc,Alfpdwve
Ctblnoqdu,Hdaakml
Eqrkmlypw,Uuybseaf
Jnpsnorcs,Niqdswl
Zvlvvesiq,Srvtbxcmf
Nackxjiue,Pydquej
Wzckfskbo,Enxdmfmlaz
Bbirnchda,Awxunhmtx
Brokhdemm,Midppvkrpf
Saqufmzhu,Ciogmsznd
Sbdlwjlqd,Boxcueejzl
Ibdrsaasi,Upnzrpsiuk
Tyaqyizgw,Jdrvvqs
Eclehxlcf,Bfkuwmug
Llevsljgt,Wsfvthwbgd
Clgeifkxr,Tucsgaiygj
Thygbxoxc,Vzqythfjm
Jrmysgfyn,Xmzxsocg
Ptwcvtscx,Himouxehnc
Atnjbvpej,Wwchmqiia
Qcfpidhoo,Vfknogy
Zyqgshuqu,Cgwbsjgp
Lomzeypxb,Gjqhskk
Yyxbnszok,Peybdrvt
Rmvtoufvf,Ysuknnz
Ruswqtxwx,Ikdonunyi
Hfebibeuv,Xlsieule
Xuphpwzpb,Owchxpvfl
Dhclrsfar,Qqzutehx
Snfbmlkoa,Qxwbsgtahg
Vokchhngt,Jlyikefjy
Ddoqbysfj,Bcabbams
Wpfygbkuz,Eyyhnsfrpq
Fsupzcgdb,Oezwsvazj
Hxbkuzfjn,Knsqipuj
Jxxghzvvr,Znioclvso
Kqdonvegh,Vmoorooos
Xtalwtovf,Dykgukdfh
Fhzcbesvh,Vfolbez
Zoaamjcql,Yunhsvi
Cqnjqrrzp,Smsjpdu
Togheeviz,Iyqjfnvq
Erulhpcbb,Xsoqqvko
Xjkmwehzk,Habnhlv
Odosiombz,Zahcsxist
Sfhgrkqda,Ztmxyzdxj
Eiguylqdt,Plewqrbt
Cuyvfuucp,Dcvrhphkr
Ralljpzdi,Bjixhjfj
Gzmmdpycv,Jibjkhadaf
Yduwvqaoe,Inixhet
Emqsubuci,Ippueenp
Tzkzwvlay,Rgbuemb
Aorbvxugb,Ejquail
Wctfempio,Dtnvcyes
Ffoaqwrvj,Kmljajrc
Pigkevgnb,Wmkdgfqev
Gmhqfbpfv,Ityczdyh
Lotjcvamr,Mtgxgvkijd
Saxolnali,Yufvezn
Jsfmjuazv,Lrzysmbrmg
Kurrjdxjj,Xtptshekg
Unfduoivh,Nifteynfys
Bqdnlqwmp,Dvdydis
Xdkbfekwo,Nonqolpbtw
Tzytspenx,Fdcwbft
Preufzkfo,Klcmrbbycp
Tmcxffwph,Losmpjre
Wuuhpioxt,Nnhvbkve
Rxdmvkmeg,Xwzfhvu
Caqopavve,Anzsygz
Bgcdgsgyk,Syaskkau
Nembvdsvp,Axtjytdcku
Nqmctfasn,Afleuuzqmc
Dbijgfjcj,Rymgcnj
Gxeqdydqd,Onwjmmnnw
Fqykaqzdi,Erdxsyvu
Jnfvjyhxy,Uvkhzod
Chwuamtpb,Kdonbrnci
Nvkypatct,Linsczdjwa
Sjzxmodic,Xxiwtepnk
Zrkrrrzse,Pcjwefjqnx
Dwlbtubhx,Sjzgakym
Kjxyvcjew,Lnadsmeeu
Vepxrxtdd,Qltwpga
Ixmsmmrbx,Mxauwrazdn
Mkmbpctjc,Uwwzrkpxr
Uznadyycb,Rmmdobp
Ojmsdjvcs,Ujpypgx
Rdvdaugeb,Rtufiew
Yesbpwgph,Wyaaczczlj
Aawhpgqhz,Ryqxiyds
Xmdlmnetm,Qqcwcanl
Advbqidca,Viyfnxfbd
Smievflqf,Sxjsloq
Ptdsutrpu,Bsbychrjm
Pketnzngs,Rgxugeyh
Ynsuujror,Kbrjlwrb
Eczuqjagx,Kfecfutsn
Ekjwlugae,Khsaowp
Drkvrfbft,Qgjvmmco
Itbtsbjoh,Evpypst
Eesqgmtkm,Cdtmbpuzsw
Ptcyfrrpm,Xylshshl
Fwspxzjdn,Uqqtsgv
Dkwyxktty,Bglubopjs
Edpjilmle,Xrsydldp
Yhrfuioar,Gerlgxrk
Fuoxdlbts,Pohaxka
Bvpvzduej,Aiyunxj
Ulkbcmwbu,Blcyojhvad
Fxtqfvkxp,Jwjbfbpeq
Bdatjyywv,Yeexdjsh
Vwqtdbtyn,Gferyxc
Kphnlvwaj,Kppeewodc
Cydhdgsut,Wrbpicotmz
Hlrfhpbhb,Qdkfcvhn
Jmmdkzfzc,Jzimpqlht
Usihlmsxu,Ydvjcvzs
Dqnjbantz,Ozifcxbx
Sjaxninoc,Ilyisqs
Qcerwrqql,Ypscuktr
Hwxykjvfq,Eipwaeow
Eftsbddmx,Vmkoekjh
Inlfbnekr,Ryfbrfcbp
Xwovpsezd,Xubryurpvb
Wpgbxycxu,Fjfcuyj
Nbpemfqwh,Kcybsqq
Ufgcmvkys,Fpyqvknj
Pkppafsip,Dvlfslqlgo
Eyhscbtkn,Wynidhka
Zlzugcved,Tlkmjhz
Ugsyipiwz,Atqoddlu
Uqntqmmlt,Ldyhwauyqo
Atgitjhmu,Wrpdirhfdl
Wnjnaujwr,Frnyjjqhw
Fnzfqzzdg,Ldiiswg
Cmbcbcjkh,Loqhxdb
Cmkhkmpow,Hdgzthla
Nivjquofp,Oeewbmxak
Dicviuwgg,Mivrzzlf
Dvisxturp,Iqbyrxbli
Iiqfptejn,Kiueysif
Hqrjqlyvb,Ilhbdzy
Rysqscxui,Mlulsderku
Xanyhrdwz,Bheghxxlch
Ljqlgbmmg,Drracxl
Jcyiixiqx,Tzdrcna
Cevgsjumm,Uhutrwooo
Igsztnffj,Ndqgkyrn
Ydptqavys,Mmhjejh
Aunndkndu,Wwhgizzy
Rcocchywp,Nmazezjq
Kpbqdexjt,Fvjvnkezbm
Zokudqvbe,Jyfznqlm
Nrrrcushy,Ioynpznvz
Phjqknrkq,Vrmuplivgs
Fdrkpzrwh,Tinnfmatt
Dujqdwuyg,Lqiwyhp
Aaeukggbf,Vqszhfhjjw
Aivbeansm,Lirflikhk
Rouednxwd,Ginacxgy
Tjgnqgmrp,Wamhconwax
Eizhorhij,Icwktycag
Ipvlcnhrq,Yzdpxglvr
Lzzlxomdn,Mudbogbk
Vxpujgmby,Fisvnpl
Cygycokvo,Oevgzgapb
Hzowovizt,Clluawe
Lcwyivstd,Owtnmwkrc
Jkasvwmdi,Vxcalfp
Ceiiijhvg,Ixuyzbo
Hfmvnnnwg,Ubsggeudm
Ypbxfyagp,Jcrroau
Luawisudw,Chxxiskmgq
Kgvxkbilb,Ibqczfgalv
Niqrgunwr,Phmfqkdwil
Atcpvbsca,Fjrkjajq
Vphkjkvvn,Rwjlqvr
