MSISIDN,IMEI
NUM664502,NUMPifyxz
NUM470629,NUMUkgqfd
NUM305377,NUMDljzq
NUM119717,NUMCttvbgg
NUM434644,NUMCqoanv
NUM121922,NUMUsgo
NUM120962,NUMDzsybwa
NUM181023,NUMGtywkna
NUM234700,NUMNbjrn
NUM590799,NUMPapc
NUM332407,NUMOyzfwi
NUM315408,NUMHcdllp
NUM760566,NUMQhnflz
NUM534703,NUMTcxng
NUM911621,NUMPonw
NUM189434,NUMTwojufy
NUM283635,NUMSvzt
NUM163548,NUMMlgb
NUM294506,NUMCoxkl
NUM763993,NUMApjqwms
NUM560424,NUMXwsducj
NUM208072,NUMWddn
NUM221408,NUMPiboa
NUM914794,NUMPzvwuty
NUM828510,NUMSyoora
NUM706174,NUMUeusboi
NUM877347,NUMOuxkm
NUM579664,NUMQrijjn
NUM473951,NUMShrzem
NUM355591,NUMVwqcg
NUM365227,NUMDzjc
NUM105799,NUMGjpdgz
NUM676652,NUMBjtt
NUM406106,NUMBuafimq
NUM682567,NUMCbec
NUM614772,NUMAews
NUM433070,NUMQgzuwk
NUM639662,NUMRrci
NUM710190,NUMFwctkz
NUM872765,NUMDfmbn
NUM282027,NUMEqpzr
NUM863129,NUMYyhwe
NUM232974,NUMHjxx
NUM815807,NUMCmdjjr
NUM453834,NUMBgneind
NUM871575,NUMEypr
NUM407671,NUMCmkp
NUM391265,NUMKgzbrlq
NUM261172,NUMBsinaex
NUM617149,NUMTbpyq
NUM422695,NUMJxziluy
NUM565992,NUMOibitou
NUM369326,NUMClwp
NUM427951,NUMYofyj
NUM662594,NUMGynpgx
NUM900371,NUMCvjiw
NUM612214,NUMRsacyph
NUM106430,NUMCzhhu
NUM250005,NUMBgatw
NUM281810,NUMCyey
NUM612906,NUMDafof
NUM809175,NUMYyhj
NUM813942,NUMWykh
NUM736322,NUMZmkdodc
NUM298527,NUMYxgdt
NUM257721,NUMQhngor
NUM850167,NUMRdqrr
NUM496760,NUMNulyfg
NUM229969,NUMStit
NUM323794,NUMKxdjurl
NUM167033,NUMWjzjg
NUM724320,NUMDafiw
NUM531841,NUMQjjnim
NUM815047,NUMMcfpn
NUM485538,NUMGzxal
NUM360563,NUMGbuky
NUM568187,NUMGtwbqw
NUM913295,NUMYcaig
NUM698672,NUMEhigr
NUM102201,NUMYopsj
NUM609107,NUMXldags
NUM400590,NUMXkftj
NUM912231,NUMDipqfra
NUM170347,NUMJhlh
NUM376526,NUMPzivgwi
NUM187160,NUMWawmz
NUM507676,NUMBfbr
NUM317250,NUMPddf
NUM757779,NUMZsqbgej
NUM606310,NUMTrxbq
NUM870891,NUMIlqdw
NUM485387,NUMHrxizy
NUM958340,NUMPrtnp
NUM272817,NUMOqxi
NUM278746,NUMLbxk
NUM675357,NUMAncqob
NUM957604,NUMDwhm
NUM159413,NUMUxghp
NUM934124,NUMMysla
NUM281369,NUMJjpysu
NUM304164,NUMBkmpuk
NUM411243,NUMSsdw
NUM295773,NUMBrjfeqw
NUM195735,NUMQlkuip
NUM372464,NUMJipuvn
NUM494518,NUMKevdycm
NUM451294,NUMKpcz
NUM303777,NUMJnnkpss
NUM887085,NUMMbppz
NUM685673,NUMFuukr
NUM748209,NUMDefunm
NUM743477,NUMAutkfsg
NUM690716,NUMNjmnn
NUM437543,NUMWndub
NUM382503,NUMHhly
NUM611754,NUMLtve
NUM977390,NUMYnlt
NUM680214,NUMCpysoeo
NUM504506,NUMGsiykf
NUM536384,NUMOqrjnv
NUM715789,NUMHguma
NUM378440,NUMMljidd
NUM388858,NUMTdtjpw
NUM764186,NUMKqzavpk
NUM276744,NUMEpnie
NUM347446,NUMCkoglx
NUM108303,NUMZlqu
NUM177669,NUMMudtl
NUM670970,NUMKkrvgwh
NUM966338,NUMKjodijp
NUM585799,NUMHwxu
NUM617863,NUMDxfdq
NUM231492,NUMJdjd
NUM264148,NUMWmeepjz
NUM974873,NUMOiilax
NUM378864,NUMUucwq
NUM326951,NUMCzzz
NUM633226,NUMWsvzn
NUM713252,NUMKmijqci
NUM949627,NUMWrnxu
NUM256653,NUMHsqdo
NUM915526,NUMFwngsql
NUM128527,NUMMdgwgam
NUM104783,NUMGvnupz
NUM688452,NUMTrskkpx
NUM566188,NUMTooa
NUM331939,NUMRwjuyvw
NUM487533,NUMPoyotx
NUM802165,NUMLoxkaq
NUM595668,NUMEocx
NUM169727,NUMOpotmif
NUM229926,NUMFqixbnz
NUM420648,NUMKqmzdzj
NUM829138,NUMDxxnyi
NUM850494,NUMTnvu
NUM111759,NUMOfmm
NUM146952,NUMWoncvb
NUM356287,NUMPjytwzo
NUM556912,NUMKwzyyl
NUM210922,NUMXgxu
NUM813622,NUMSgaadfo
NUM155682,NUMXtpnqet
NUM980914,NUMExgo
NUM634637,NUMUzykqv
NUM178189,NUMMgaydn
NUM798427,NUMIaiyu
NUM219254,NUMUyxm
NUM541446,NUMZjkldy
NUM692905,NUMBnnulek
NUM336205,NUMUywhcev
NUM171432,NUMCcwcsha
NUM635055,NUMZvzzhho
NUM662369,NUMFgbssv
NUM515591,NUMLwfkoz
NUM765681,NUMUrxphy
NUM919424,NUMBtgtvc
NUM108918,NUMYwdbjzu
NUM116881,NUMXxgygpw
NUM995685,NUMSidl
NUM616194,NUMHubnby
NUM548152,NUMPbunv
NUM424944,NUMOepql
NUM274786,NUMAnavn
NUM260348,NUMCmhkybj
NUM481255,NUMFewj
NUM883899,NUMYmvryaa
NUM851178,NUMJyyltrs
NUM870026,NUMLxwljqa
NUM237877,NUMKksu
NUM509743,NUMKeyfdx
NUM559880,NUMTzqk
NUM208240,NUMYfal
NUM716725,NUMHstfrgz
NUM721621,NUMKqoe
NUM691341,NUMPqxn
NUM575632,NUMZfbmcce
NUM501579,NUMBytm
NUM971906,NUMJugzny
NUM781566,NUMWlzgald
NUM561027,NUMWfip
NUM291925,NUMUyrf
NUM858330,NUMYasabu
NUM605490,NUMEqbucju
NUM719614,NUMGijnk
NUM819488,NUMHkyjpl
NUM477653,NUMMpqdb
NUM985177,NUMRrjqd
NUM949075,NUMYfhw
NUM283600,NUMBipcpua
NUM493627,NUMQfrzgu
NUM707720,NUMTldmpy
NUM806865,NUMSiwyc
NUM602778,NUMHcyrn
NUM322533,NUMGolwceq
NUM642841,NUMPyrbcr
NUM492054,NUMZbkf
NUM215751,NUMChcds
NUM399024,NUMCcvc
NUM260041,NUMWwiup
NUM198668,NUMHsler
NUM839340,NUMKcawrxz
NUM342663,NUMEivagjn
NUM877564,NUMWchdo
NUM233458,NUMFkfje
NUM714943,NUMPlpx
NUM664172,NUMJjdh
NUM590957,NUMFpjp
NUM853666,NUMOribi
NUM590998,NUMUxddbta
NUM214335,NUMRjafx
NUM816622,NUMZopy
NUM694422,NUMVymj
NUM164681,NUMQfgoz
NUM889240,NUMEpcmg
NUM261741,NUMWkomb
NUM159162,NUMMiod
NUM925279,NUMYlvx
NUM908349,NUMRapjwu
NUM827227,NUMXrwfulg
NUM767287,NUMQygslr
NUM176831,NUMBkvvpna
NUM559697,NUMUpfvnsy
NUM367374,NUMStqgau
NUM343585,NUMNvrd
NUM169456,NUMVbyoa
NUM843300,NUMObfwt
NUM929093,NUMGaipf
NUM760301,NUMZbcgr
NUM404058,NUMTidhood
NUM974041,NUMEyrtjr
NUM200237,NUMSxsv
NUM500646,NUMHauymy
NUM862309,NUMNulzuas
NUM355735,NUMZgfqv
NUM693720,NUMTnry
NUM217447,NUMOtovret
NUM456364,NUMXffgfh
NUM529014,NUMAayaomt
NUM974517,NUMZshha
NUM966309,NUMNexbta
NUM481202,NUMZxyqz
NUM631132,NUMOntrtt
NUM998840,NUMKwtk
NUM424794,NUMVmdbje
NUM430021,NUMRzlo
NUM447040,NUMQmpzobe
NUM875496,NUMEncn
NUM317169,NUMBhkcmk
NUM980685,NUMHedjrgd
NUM433589,NUMCvbddz
NUM326375,NUMXxlklq
NUM521894,NUMJpzanh
NUM341504,NUMImley
NUM806373,NUMImsp
NUM985587,NUMHwadzi
NUM527778,NUMYlyphwq
NUM474916,NUMTlwi
NUM931606,NUMHtxkqa
NUM431350,NUMUpmd
NUM258702,NUMMnnka
NUM441678,NUMGutu
NUM941441,NUMSiemscb
NUM813500,NUMNpilg
NUM317894,NUMUmzaya
NUM690132,NUMOrottt
NUM649279,NUMKsidcze
NUM147680,NUMRapck
NUM834008,NUMWzuihq
NUM814215,NUMXkxqmz
NUM700580,NUMGdodqrf
NUM367078,NUMZeptgf
NUM173201,NUMBzcvuhp
NUM103561,NUMTwhg
NUM426191,NUMHqfkkdq
NUM202414,NUMIroo
NUM430015,NUMBauuoyb
NUM986901,NUMHqlu
NUM229310,NUMMvhj
NUM114300,NUMOhup
NUM316717,NUMHrlxbba
NUM771447,NUMKjkymek
NUM913897,NUMGgmn
NUM984994,NUMAwhkxw
NUM831058,NUMExajdda
NUM430649,NUMHlmefx
NUM664487,NUMAknle
NUM846001,NUMCelvzvt
NUM843187,NUMBuigjae
NUM707043,NUMAkyl
NUM435667,NUMTyhladl
NUM775061,NUMXebfwou
NUM188471,NUMLzwkybq
NUM552835,NUMVpvj
NUM852047,NUMTscpi
NUM520061,NUMNduyps
NUM824701,NUMHulhlws
NUM254517,NUMBjol
NUM457426,NUMPyxsgy
NUM190483,NUMUtwwvk
NUM817600,NUMEjsp
NUM221481,NUMYsxr
NUM471510,NUMKtpgww
NUM773353,NUMKdum
NUM626710,NUMZbnrwhi
NUM629570,NUMLbgws
NUM731870,NUMYkffaot
NUM332251,NUMXhmock
NUM749510,NUMWfxmzak
NUM827356,NUMEybyjo
NUM887655,NUMXtgsj
NUM454001,NUMGhajxv
NUM906540,NUMBgwt
NUM266286,NUMNujxyb
NUM713438,NUMWcqe
NUM973436,NUMNmhzw
NUM947588,NUMHskfx
NUM702439,NUMTxkwrbw
NUM115210,NUMIxgs
NUM298812,NUMKpvnqfx
NUM716747,NUMAncsi
NUM633586,NUMNukqj
NUM158518,NUMKizz
NUM383980,NUMBzwjsot
NUM901614,NUMLhcbnlt
NUM690890,NUMUrqokx
NUM588868,NUMGwbzr
NUM453965,NUMXkoxh
NUM457038,NUMAcjo
NUM739785,NUMPbjfm
NUM370750,NUMPjwiefu
NUM595788,NUMAdppbw
NUM210594,NUMYhawlzr
NUM929846,NUMNdbpntg
NUM232982,NUMLkyjhu
NUM189817,NUMJmbn
NUM560335,NUMMoarlz
NUM923586,NUMPlqnsk
NUM353560,NUMFwbr
NUM776549,NUMFdqzs
NUM120587,NUMOsnbth
NUM251179,NUMAamntp
NUM485076,NUMUgewzsq
NUM786742,NUMJvry
NUM329757,NUMOfaee
NUM778428,NUMKibe
NUM554599,NUMAzovlfo
NUM682672,NUMLekpk
NUM516443,NUMCyetik
NUM950897,NUMBgoiwyh
NUM787159,NUMKhlxem
NUM226326,NUMNnhlptx
NUM737361,NUMUflpbsq
NUM356922,NUMMjycdrs
NUM932451,NUMLkvtanx
NUM982383,NUMVyib
NUM594576,NUMRdxdm
NUM440294,NUMDwpyy
NUM545306,NUMAiuwvg
NUM574768,NUMOpzgf
NUM707482,NUMRtqbguf
NUM248964,NUMFotj
NUM950441,NUMVqome
NUM255644,NUMXtsbhx
NUM462397,NUMHpusccw
NUM511411,NUMBajhn
NUM257340,NUMTojwhx
NUM165575,NUMVzut
NUM191661,NUMWbea
NUM132161,NUMMgjb
NUM811353,NUMXgwswq
NUM796217,NUMCavyk
NUM593139,NUMNity
NUM393632,NUMNqkiiv
NUM207036,NUMDrimvtf
NUM231811,NUMUnlwyf
NUM660709,NUMAmces
NUM642734,NUMUjqh
NUM170120,NUMJzthck
NUM869640,NUMWfiz
NUM168491,NUMEbcarx
NUM914435,NUMHbzce
NUM525941,NUMQjmp
NUM774817,NUMTqii
NUM508784,NUMFklr
NUM229518,NUMOisafr
NUM664235,NUMOxqxhkg
NUM419582,NUMCryx
NUM662382,NUMIywnag
NUM498991,NUMBbmqwcg
NUM192436,NUMQrgsgnk
NUM363844,NUMApac
NUM226363,NUMIaysk
NUM871773,NUMKlyir
NUM301512,NUMMiyr
NUM943596,NUMNqsugk
NUM885156,NUMQrljb
NUM333890,NUMMwnwl
NUM294156,NUMQqekmuj
NUM433441,NUMLfiffo
NUM904962,NUMUvtnfv
NUM460495,NUMMrhxwi
NUM124585,NUMUbwvh
NUM278900,NUMEfvbc
NUM367607,NUMFjacl
NUM903363,NUMBpqguix
NUM874630,NUMZraaexw
NUM905466,NUMPezvq
NUM985441,NUMQnqrfdc
NUM664703,NUMRvlwzw
NUM781423,NUMYuesv
NUM301090,NUMPqupl
NUM420007,NUMEvtw
NUM391565,NUMPrweeqb
NUM326875,NUMGkbbpx
NUM986569,NUMDcgrrz
NUM341753,NUMMzqzo
NUM496995,NUMPubgi
NUM610115,NUMBxmkgm
NUM153211,NUMXczdjjt
NUM281205,NUMMjtwded
NUM848379,NUMUiqvbr
NUM915600,NUMQmlslcq
NUM893055,NUMVudyca
NUM715616,NUMXohby
NUM458132,NUMTggfxn
NUM298693,NUMKppvuek
NUM669665,NUMWejo
NUM598037,NUMQdqv
NUM229448,NUMFkjbbea
NUM985300,NUMUhjbnal
NUM107701,NUMBysbph
NUM577578,NUMAcdek
NUM361684,NUMRfdw
NUM148349,NUMWxcfr
NUM784302,NUMXvrjjo
NUM213662,NUMYsojqz
NUM981237,NUMIpmn
NUM425844,NUMJkru
NUM191824,NUMFolq
NUM153383,NUMTduf
NUM153787,NUMLnddzhn
NUM311522,NUMUghhqtz
NUM241837,NUMZsvdw
NUM667273,NUMGnreuf
NUM102156,NUMVrqc
NUM672593,NUMQqwromx
NUM296510,NUMGtgygw
NUM929442,NUMFhxr
NUM508102,NUMLuaqili
NUM238257,NUMCwrmq
NUM377571,NUMOoqbkp
NUM664914,NUMEkdzunv
NUM840267,NUMFfdw
NUM176157,NUMCrtka
NUM826190,NUMUwsa
NUM946218,NUMMoeqr
NUM650589,NUMHbbcke
NUM389595,NUMAtop
NUM960765,NUMCkareyt
NUM328779,NUMHstgjx
NUM470350,NUMCoaemnm
NUM973020,NUMHdcis
NUM445570,NUMNvaoue
NUM607042,NUMVevhj
NUM641471,NUMSjdiz
NUM865659,NUMIyom
NUM541668,NUMUjvxrfp
NUM665759,NUMNsezv
NUM559616,NUMSwwng
NUM914142,NUMXyyl
NUM578395,NUMHwxyfa
NUM976266,NUMGbgk
NUM596418,NUMXocsge
NUM899797,NUMGqftj
NUM833893,NUMHkgr
NUM852260,NUMKkdbnmk
NUM422964,NUMBayred
NUM401636,NUMQibdelt
NUM709253,NUMXrsixd
NUM492142,NUMOhdjx
NUM301756,NUMYvbokle
NUM736387,NUMLkul
NUM724812,NUMCtvma
NUM940878,NUMGeaw
NUM680485,NUMOrmhi
NUM379717,NUMTlpofs
NUM244032,NUMNdsbt
NUM961158,NUMEfewj
NUM217419,NUMFoakk
NUM150620,NUMEtxwh
NUM574976,NUMIbxi
NUM659557,NUMPjizd
NUM237833,NUMLqgq
NUM892858,NUMLxmnxn
NUM194053,NUMYxajk
NUM103405,NUMXeqsu
NUM472945,NUMNdrld
NUM861121,NUMAoqpdb
NUM821872,NUMUaxv
NUM866326,NUMUnpaf
NUM784182,NUMMijs
NUM390660,NUMLwwiz
NUM396026,NUMLpifruj
NUM900579,NUMLfujdrp
NUM700054,NUMOigjcz
NUM862112,NUMFbnl
NUM939675,NUMKlnsmbr
NUM979027,NUMZdewv
NUM325976,NUMOsnb
NUM609312,NUMQzlqllt
NUM686230,NUMFwcf
NUM877649,NUMOtsk
NUM354628,NUMWdpotr
NUM576119,NUMQevjuz
NUM333445,NUMPfbotx
NUM154206,NUMYroz
NUM871440,NUMSrdy
NUM756861,NUMWupuwx
NUM256687,NUMKkpiimb
NUM948077,NUMRcrfbl
NUM208230,NUMXxctylv
NUM993055,NUMHarssvo
NUM977666,NUMPnwnyqh
NUM456548,NUMXjib
NUM732641,NUMMhagdm
NUM354835,NUMOscnd
NUM992090,NUMOzzb
NUM264838,NUMDtuoa
NUM167513,NUMXnusks
NUM653264,NUMPktjpce
NUM779254,NUMWtdvy
NUM509838,NUMAjfejs
NUM208249,NUMNrpllib
NUM221476,NUMYdvrr
NUM447508,NUMJpmgs
NUM552576,NUMQjheg
NUM518948,NUMNnoqe
NUM380378,NUMYmegw
NUM783004,NUMUkpmnah
NUM653045,NUMOkwaat
NUM764474,NUMSmjplmn
NUM771172,NUMOzxg
NUM268956,NUMImwkh
NUM779531,NUMYlgxcw
NUM224539,NUMNjyrnr
NUM684855,NUMMtrwvq
NUM520997,NUMSrwdym
NUM352617,NUMEuitjyc
NUM751550,NUMAbkc
NUM883790,NUMZjtwcne
NUM295274,NUMPmckl
NUM951265,NUMKysh
NUM449586,NUMMvce
NUM289016,NUMEwpf
NUM872613,NUMSndhvk
NUM957882,NUMEggggt
NUM738053,NUMJxdpsa
NUM352708,NUMXilxb
NUM442428,NUMCmas
NUM878282,NUMAkzvjjr
NUM380574,NUMPfbkeew
NUM734999,NUMDvym
NUM941741,NUMDgljzdw
NUM296405,NUMLtdtzjm
NUM498090,NUMZfdxruh
NUM486863,NUMLxfcsuv
NUM735784,NUMGetxue
NUM647481,NUMOzih
NUM618265,NUMCbodsn
NUM124834,NUMMecwhh
NUM381380,NUMRkmdjqp
NUM860342,NUMUjaczp
NUM343783,NUMEoajhbv
NUM127141,NUMErim
NUM669845,NUMApbjgz
NUM615678,NUMNzyf
NUM106633,NUMUhrbakc
NUM981270,NUMElomyr
NUM473367,NUMAfyehjl
NUM813415,NUMZsut
NUM344947,NUMUaxyr
NUM300917,NUMWssgfaz
NUM566051,NUMWgylk
NUM862060,NUMUhkpmui
NUM240879,NUMUhva
NUM738524,NUMTlesah
NUM375708,NUMNxixqf
NUM696707,NUMAwrcp
NUM177055,NUMWdfdl
NUM167719,NUMAiumkf
NUM626266,NUMZtqh
NUM553047,NUMVjqqcn
NUM994105,NUMWhmytxs
NUM472700,NUMChst
NUM798487,NUMBcwiokk
NUM975119,NUMEvdlw
NUM621442,NUMWxlw
NUM359851,NUMBcgsbx
NUM715509,NUMAdxusvj
NUM774108,NUMJywaoj
NUM788091,NUMFenkql
NUM853403,NUMXfsacnx
NUM222837,NUMMqdve
NUM416709,NUMIorizk
NUM820374,NUMByzybw
NUM495507,NUMYvcxeqb
NUM451866,NUMNwtpi
NUM809908,NUMNlelanr
NUM696216,NUMDzcavd
NUM604535,NUMTfftq
NUM502090,NUMXpfhpg
NUM880982,NUMPulq
NUM280558,NUMDcbxv
NUM203015,NUMUxdfsup
NUM966244,NUMYsoyxp
NUM167618,NUMYzdauws
NUM595331,NUMPrvbnq
NUM724906,NUMDfwjbqb
NUM341572,NUMHxzcbj
NUM413144,NUMUofea
NUM892259,NUMSjryam
NUM634099,NUMXoionnt
NUM412242,NUMXofxso
NUM323085,NUMQyjs
NUM916689,NUMDxmk
NUM608940,NUMDgid
NUM611934,NUMQypp
NUM160597,NUMPgaqq
NUM632196,NUMPtrqev
NUM925188,NUMJfss
NUM870561,NUMIoldfpk
NUM166103,NUMWfpdfjk
NUM255890,NUMWdhdbat
NUM716282,NUMRcotavo
NUM160619,NUMIuxq
NUM363010,NUMPsmx
NUM285118,NUMTdetcsl
NUM158533,NUMTrtsua
NUM931039,NUMByvrq
NUM496397,NUMKjsoiy
NUM364573,NUMUsiqz
NUM753607,NUMYzzopu
NUM925077,NUMBnql
NUM346608,NUMVrovi
NUM890732,NUMGdlxx
NUM717191,NUMJzjro
NUM101985,NUMDnpgklm
NUM145505,NUMDtmtghk
NUM606527,NUMZkugd
NUM474185,NUMYwxprte
NUM687929,NUMHazkxpl
NUM134254,NUMQwzxiz
NUM788401,NUMZkxhv
NUM977852,NUMLblsf
NUM159089,NUMGxuf
NUM709775,NUMQflslun
NUM441433,NUMOsujwsg
NUM681523,NUMMoumv
NUM337168,NUMSgem
NUM272137,NUMMylh
NUM929187,NUMCedhh
NUM526638,NUMHxqpq
NUM704831,NUMXdihs
NUM278641,NUMVomx
NUM409135,NUMDost
NUM525500,NUMGldiys
NUM751322,NUMSovj
NUM252227,NUMYddad
NUM190204,NUMJjnj
NUM458129,NUMRkyjgks
NUM255072,NUMVrqxr
NUM261125,NUMFxptd
NUM707533,NUMBmuew
NUM601087,NUMGeflye
NUM539881,NUMLuzcam
NUM711633,NUMXjwuhv
NUM352483,NUMGtxsh
NUM539177,NUMObhmkb
NUM898080,NUMQhcxq
NUM163061,NUMVyvyqtb
NUM445019,NUMOnodj
NUM755262,NUMWjon
NUM500636,NUMDjcgtyf
NUM255121,NUMIxptez
NUM879382,NUMXnpdfpd
NUM467400,NUMDlxy
NUM217713,NUMRvtpz
NUM307489,NUMSdvgr
NUM343578,NUMOnzqh
NUM787771,NUMIjjv
NUM867142,NUMHersvll
NUM505325,NUMVgoca
NUM864900,NUMQxzbk
NUM277420,NUMXlbggvi
NUM382478,NUMBmgqnj
NUM245785,NUMEjxs
NUM579492,NUMNdqi
NUM373589,NUMCyll
NUM562461,NUMWccs
NUM442460,NUMFtdodfq
NUM359606,NUMButvbbm
NUM162566,NUMMstxjmn
NUM965262,NUMYkesf
NUM567668,NUMNfldtou
NUM697002,NUMPnzuz
NUM801079,NUMZdgx
NUM944297,NUMShfwqh
NUM539799,NUMTyyx
NUM122660,NUMXgonpc
NUM737005,NUMHzgg
NUM655150,NUMSizbc
NUM938199,NUMBentqs
NUM519748,NUMFppnzgo
NUM995353,NUMFzontep
NUM153082,NUMTsimsh
NUM131626,NUMBhaori
NUM993744,NUMVrhgvt
NUM534411,NUMZvhscx
NUM379957,NUMCjhdi
NUM419131,NUMCigxu
NUM115890,NUMUqnsrh
NUM142942,NUMDhvpc
NUM408755,NUMFhxdjni
NUM524946,NUMLeqvql
NUM540606,NUMLuutxc
NUM647487,NUMBzskzp
NUM244130,NUMSensqv
NUM574590,NUMHkpdc
NUM578778,NUMJwormp
NUM883730,NUMYljau
NUM163332,NUMXsoa
NUM770084,NUMInhdx
NUM308948,NUMLckyx
NUM457815,NUMTuuen
NUM117711,NUMDzfjdew
NUM496925,NUMWddcxkb
NUM365767,NUMEiphbju
NUM307941,NUMDpzblpc
NUM403814,NUMFnkxkr
NUM590467,NUMJdctd
NUM396971,NUMQczetua
NUM121507,NUMVgqlsh
NUM513084,NUMLdvgjjw
NUM571619,NUMOvvo
NUM738241,NUMZkymjl
NUM956665,NUMTcmr
NUM629453,NUMQbys
NUM682485,NUMKbig
NUM129295,NUMRbmoeqq
NUM997983,NUMYrza
NUM271211,NUMUryhe
NUM500298,NUMYxbi
NUM739282,NUMYbwe
NUM533718,NUMAkmnzp
NUM729715,NUMIgjfjbt
NUM317979,NUMNjoo
NUM174749,NUMKaxaaog
NUM403876,NUMOjlcqh
NUM938072,NUMGqqhzvv
NUM147130,NUMJdyyn
NUM422876,NUMJyhzrxt
NUM998687,NUMCzikedc
NUM510897,NUMOinihwq
NUM504837,NUMMowlo
NUM390063,NUMUraabg
NUM906108,NUMHlhciii
NUM819796,NUMJhbp
NUM952991,NUMScedj
NUM421582,NUMIwgn
NUM696927,NUMNkihom
NUM587216,NUMQodmeij
NUM455852,NUMGbts
NUM659209,NUMYrfgnq
NUM342157,NUMBgyxzt
NUM691936,NUMHsrr
NUM407290,NUMMuzlrfp
NUM822048,NUMUutg
NUM322740,NUMUslac
NUM584058,NUMXlhixz
NUM377335,NUMKnhrl
NUM493713,NUMEjgdvj
NUM455269,NUMYdziwu
NUM847035,NUMXxkdpq
NUM585235,NUMFhpys
NUM329307,NUMFtrmm
NUM619981,NUMWztpbpq
NUM698799,NUMIddqi
NUM104733,NUMKktjh
NUM790854,NUMKhllb
NUM657881,NUMFmzgz
NUM705358,NUMYqqea
NUM544181,NUMRwjcq
NUM989475,NUMWvazaqr
NUM670594,NUMFwkuuto
NUM729855,NUMLdgdncw
NUM772475,NUMOrumb
NUM298222,NUMWxxn
NUM639898,NUMDuwvjg
NUM682460,NUMNarvovs
NUM764075,NUMRqkugdv
NUM692229,NUMZctwia
NUM747495,NUMThsmzd
NUM155058,NUMHqmalvv
NUM579813,NUMZeoeo
NUM352880,NUMHssq
NUM711307,NUMNrwtsi
NUM695298,NUMOhplrmd
NUM178361,NUMYtxw
NUM946196,NUMOimhd
NUM217090,NUMPmrvwtw
NUM661600,NUMNwmdlbu
NUM168258,NUMKsezi
NUM600860,NUMRxgte
NUM121909,NUMEith
NUM706055,NUMJipahsh
NUM511050,NUMDovsfye
NUM352289,NUMLlzbujx
NUM789040,NUMEsblby
NUM259068,NUMRajsmyc
NUM997186,NUMPqris
NUM572398,NUMPdvb
NUM841134,NUMVfnhaps
NUM828720,NUMWcshm
NUM271188,NUMOwuew
NUM362709,NUMHmys
NUM117703,NUMQlahh
NUM580104,NUMArtfd
NUM424932,NUMLamu
NUM422300,NUMKcsra
NUM667371,NUMEejx
NUM517138,NUMBbwgmbq
NUM232665,NUMKztstm
NUM403915,NUMKfxxs
NUM342634,NUMVgallf
NUM337211,NUMFoxrhsm
NUM578084,NUMSezz
NUM724073,NUMAybxkow
NUM868656,NUMErbh
NUM572392,NUMIeoskfx
NUM544255,NUMCvwggwf
NUM554692,NUMMfjotyv
NUM955589,NUMKgew
NUM210457,NUMHqjn
NUM885088,NUMDrek
NUM741271,NUMZezy
NUM169892,NUMNesgtb
NUM610892,NUMDsjva
NUM529622,NUMKecl
NUM124312,NUMEbfss
NUM996062,NUMIhpa
NUM959983,NUMMyutgw
NUM402382,NUMYflcb
NUM225832,NUMSfyibm
NUM157954,NUMDpafxqm
NUM258141,NUMUywmzy
NUM622189,NUMXoymbdo
NUM777326,NUMLfqfil
NUM554606,NUMBtegwtm
NUM723211,NUMAbznth
NUM217689,NUMAzzajhc
NUM670313,NUMSiklzh
NUM598259,NUMSffsvr
NUM426195,NUMTuxhz
NUM844940,NUMTvlgy
NUM390781,NUMUkyjeqy
NUM991056,NUMKlevh
NUM755924,NUMOfod
NUM971623,NUMWkocr
NUM927713,NUMPsph
NUM736252,NUMLcty
NUM940213,NUMSlib
NUM288015,NUMLldqifh
NUM262390,NUMWpkm
NUM258208,NUMAxjvfij
NUM913823,NUMMmbsgg
NUM140979,NUMGnnyt
NUM254044,NUMTahlk
NUM872146,NUMFfloi
NUM705807,NUMUncr
NUM404430,NUMOinqfb
NUM114889,NUMUpozhm
NUM771425,NUMRkfdl
NUM700427,NUMQkhtbc
NUM285867,NUMAfcjaca
NUM862548,NUMLnct
NUM842718,NUMMqosrt
NUM256795,NUMAloj
NUM478024,NUMOzccbi
NUM661909,NUMOowqq
NUM707618,NUMDxet
NUM472030,NUMDunfzem
NUM175346,NUMBlhigg
NUM776589,NUMBwqerep
NUM103647,NUMZlkgoe
NUM340733,NUMSvoxc
NUM101482,NUMPiqjv
NUM367393,NUMXshhfi
NUM434350,NUMGekamrz
NUM428300,NUMZzosn
NUM497248,NUMSxch
NUM836497,NUMTbrrzt
NUM728811,NUMOqmwaj
NUM764050,NUMGijns
NUM511593,NUMCsbzy
NUM742331,NUMEkjmsml
NUM313596,NUMMxdsb
NUM790489,NUMYtaps
NUM107558,NUMFzmikl
NUM135222,NUMGjosws
NUM250366,NUMOvka
NUM329108,NUMJdjra
NUM909662,NUMAajq
NUM516347,NUMYojo
NUM381581,NUMYcal
NUM284652,NUMRywv
NUM196301,NUMIkjvckm
NUM680758,NUMOrbajq
NUM134063,NUMZecg
NUM560190,NUMWhlr
NUM939214,NUMBwcs
NUM210994,NUMUpphge
NUM752029,NUMBqwskx
NUM583404,NUMDmvur
NUM154466,NUMJxyqvwq
NUM436544,NUMGhda
NUM620454,NUMPvmn
NUM532043,NUMHwlbf
NUM444309,NUMEenrop
NUM973855,NUMQsltqc
NUM705694,NUMReda
NUM748288,NUMVtnrgg
NUM542781,NUMPxvd
NUM475454,NUMUzky
NUM225772,NUMZthuvg
NUM832316,NUMRbdw
NUM923492,NUMLxlpa
NUM444925,NUMMpnedoa
NUM168218,NUMEjqed
NUM253347,NUMRcdzey
NUM875846,NUMRrmwjbq
NUM135388,NUMDqbbp
NUM693001,NUMYexlgvi
NUM113493,NUMOojq
NUM415523,NUMXsoimdz
NUM450819,NUMJistvp
NUM427635,NUMBsja
NUM482550,NUMIydd
NUM917104,NUMEfkmgaz
NUM216311,NUMZtcvgd
NUM205883,NUMCykf
NUM981099,NUMFatw
NUM379629,NUMSlaglpv
NUM177020,NUMPwtqsb
NUM412602,NUMWqgt
NUM139027,NUMEaenl
NUM296264,NUMFiwav
NUM679106,NUMUoxor
NUM773795,NUMUmdvdb
NUM906401,NUMViez
NUM616205,NUMWunlgj
NUM938804,NUMHebwfn
NUM348426,NUMAouwecs
NUM874102,NUMTotxskw
NUM809849,NUMQgvd
NUM277431,NUMQwbw
NUM100556,NUMOyjvzxk
NUM360439,NUMKybxjvh
NUM475771,NUMCswtu
NUM152467,NUMMxor
NUM774835,NUMRivcd
NUM842373,NUMKnlzt
NUM506567,NUMBrrs
NUM384864,NUMLcvfs
NUM739145,NUMYpbae
NUM350680,NUMHwqlyyh
NUM310988,NUMJoersqv
NUM525375,NUMQauiqnr
NUM542951,NUMEvoxql
NUM569186,NUMJwfes
NUM402501,NUMWici
